predict score,label
0.942354568,1
0.924880306,1
0.936305074,1
0.929986588,1
0.965740458,1
0.92534494,1
0.95120699,1
0.956589651,1
0.938970613,1
0.994442876,1
0.282375969,1
0.966479691,1
0.968869944,1
0.967762725,1
0.971488269,1
0.995714132,1
0.900099893,1
0.993992023,1
0.965676777,1
0.983017242,1
0.99558504,1
0.591054495,1
0.979182688,1
0.904951465,1
0.964870552,1
0.971250665,1
0.998141408,1
0.998326361,1
0.980118247,1
0.929583816,1
0.99326431,1
0.980012512,1
0.993744715,1
0.830378056,1
0.992946815,1
0.98832469,1
0.991022313,1
0.995988965,1
0.991698917,1
0.998497077,1
0.991061346,1
0.991177785,1
0.991047569,1
0.968056707,1
0.976048485,1
0.879479686,1
0.989544642,1
0.976057164,1
0.916716361,1
0.997693582,1
0.997764818,1
0.990858825,1
0.995451379,1
0.991325116,1
0.776028864,1
0.305334311,1
0.865614827,1
0.943439162,1
0.90273486,1
0.996555523,1
0.99484481,1
0.989724012,1
0.933809006,1
0.916881224,1
0.99779282,1
0.991068721,1
0.990843662,1
0.391103295,1
0.974271373,1
0.801324975,1
0.986946269,1
0.997971515,1
0.899986128,1
0.994392105,1
0.486713835,1
0.973441676,1
0.971673437,1
0.955503464,1
0.982700968,1
0.972185727,1
0.999622166,1
0.999660695,1
0.981270587,1
0.956348991,1
0.820663317,1
0.997440124,1
0.989729098,1
0.902877899,1
0.972178467,1
0.985406427,1
0.97797157,1
0.830812562,1
0.996268594,1
0.960630035,1
0.898762985,1
0.98698597,1
0.900650922,1
0.98805728,1
0.994745922,1
0.997508729,1
0.994090354,1
0.987168113,1
0.995099346,1
0.9939405,1
0.990517326,1
0.987061401,1
0.987570226,1
0.990403004,1
0.997053734,1
0.996302803,1
0.989978925,1
0.993646463,1
0.990933526,1
0.995673641,1
0.994905762,1
0.995229228,1
0.994987893,1
0.996253602,1
0.995383036,1
0.921041103,1
0.999064771,1
0.842011237,1
0.996884966,1
0.812806753,1
0.5970605,1
0.847807002,1
0.928225891,1
0.966787577,1
0.953907466,1
0.814817444,1
0.948746757,1
0.891390149,1
0.866766739,1
0.936938592,1
0.940237582,1
0.948442912,1
0.985090578,1
0.980681737,1
0.555143158,1
0.512909647,1
0.991736495,1
0.757631775,1
0.990693847,1
0.980129131,1
0.671374017,1
0.973586424,1
0.946587392,1
0.425385142,1
0.992771626,1
0.785927534,1
0.957486717,1
0.689334238,1
0.982404828,1
0.963497833,1
0.936454614,1
0.920120712,1
0.893629539,1
0.983347134,1
0.995287629,1
0.99726183,1
0.971380389,1
0.828699255,1
0.995361475,1
0.998011887,1
0.993351054,1
0.765442526,1
0.962349399,1
0.98876396,1
0.806003622,1
0.985722729,1
0.871758266,1
0.991685891,1
0.989848638,1
0.955856522,1
0.856139835,1
0.92871811,1
0.730959193,1
0.984012771,1
0.995845763,1
0.994533678,1
0.991914487,1
0.767857188,1
0.621007264,1
0.918592699,1
0.970425705,1
0.967536569,1
0.959332327,1
0.63974092,1
0.253761648,1
0.995217808,1
0.992965213,1
0.824180349,1
0.924235324,1
0.985617451,1
0.99755406,1
0.819876564,1
0.988339794,1
0.988025765,1
0.915925487,1
0.631040243,1
0.928789194,1
0.970509609,1
0.9555468,1
0.357962258,1
0.999176653,1
0.963097052,1
0.320847347,1
0.994729006,1
0.99368337,1
0.993947272,1
0.978285225,1
0.954278278,1
0.953848275,1
0.992863973,1
0.907477482,1
0.995200014,1
0.988033438,1
0.936442737,1
0.955948099,1
0.971095435,1
0.908490094,1
0.903791877,1
0.962298397,1
0.991000748,1
0.975560594,1
0.77605115,1
0.969211988,1
0.554062818,1
0.984819651,1
0.986548042,1
0.833372815,1
0.621667957,1
0.463473628,1
0.964726285,1
0.482812783,1
0.969272848,1
0.984958748,1
0.751281748,1
0.963268014,1
0.984780327,1
0.991855955,1
0.994188889,1
0.995052962,1
0.990756849,1
0.99390099,1
0.998316836,1
0.993289864,1
0.548013098,1
0.985132988,1
0.980043773,1
0.997130716,1
0.936091844,1
0.989660947,1
0.362727128,1
0.215062977,1
0.775642077,1
0.257737648,1
0.990587962,1
0.997829775,1
0.644150682,1
0.984068028,1
0.891909309,1
0.184019807,1
0.744373657,1
0.977841981,1
0.970144228,1
0.978928641,1
0.784614567,1
0.849205081,1
0.13381725,1
0.967449009,1
0.855615187,1
0.967295349,1
0.631025267,1
0.852088682,1
0.935149252,1
0.997710029,1
0.960295232,1
0.985700115,1
0.949147753,1
0.988003774,1
0.9920922,1
0.991410291,1
0.970887526,1
0.998287058,1
0.984237862,1
0.94646974,1
0.933686562,1
0.92212735,1
0.921589092,1
0.978082307,1
0.975069515,1
0.984183923,1
0.408934003,1
0.96186808,1
0.99329799,1
0.951484442,1
0.850762753,1
0.392690071,1
0.904912329,1
0.999779801,1
0.221508031,1
0.423666408,1
0.961212297,1
0.115510398,1
0.990583189,1
0.494687863,1
0.990415013,1
0.723358868,1
0.949450731,1
0.770058043,1
0.983705775,1
0.991070235,1
0.977523196,1
0.498486394,1
0.946067202,1
0.235311392,1
0.754968172,1
0.924285877,1
0.983289023,1
0.984333305,1
0.976889396,1
0.984989663,1
0.977122744,1
0.998234562,1
0.983802001,1
0.967209037,1
0.576485531,1
0.960990135,1
0.921358716,1
0.964775689,1
0.948719688,1
0.58026066,1
0.999014215,1
0.998506943,1
0.997724779,1
0.994558156,1
0.976032333,1
0.99179941,1
0.994852086,1
0.415122493,1
0.905419827,1
0.994830032,1
0.997059405,1
0.993722268,1
0.993093375,1
0.973390933,1
0.967794653,1
0.981025736,1
0.745005224,1
0.793092448,1
0.735921655,1
0.986262659,1
0.755303741,1
0.828389641,1
0.565127069,1
0.970971278,1
0.993094603,1
0.949303071,1
0.869444704,1
0.81134997,1
0.998105661,1
0.997857455,1
0.445812388,1
0.995388246,1
0.390696204,1
0.888322441,1
0.993122725,1
0.540611135,1
0.442402518,1
0.997308461,1
0.993322631,1
0.895429655,1
0.801158826,1
0.985122995,1
0.980758814,1
0.987968854,1
0.992472176,1
0.968072013,1
0.993156119,1
0.997732127,1
0.995633372,1
0.94765813,1
0.657549653,1
0.991348787,1
0.964325142,1
0.765083003,1
0.964458136,1
0.606846684,1
0.969456371,1
0.764890329,1
0.93843958,1
0.14204285,1
0.973265978,1
0.863527962,1
0.994715671,1
0.992849731,1
0.998524348,1
0.682704683,1
0.518614282,1
0.912211561,1
0.891548737,1
0.916665264,1
0.559057956,1
0.828423053,1
0.699485594,1
0.823797719,1
0.936811841,1
0.990823046,1
0.995903142,1
0.995380394,1
0.966525447,1
0.999425268,1
0.973981547,1
0.989235771,1
0.572383944,1
0.33719729,1
0.198402268,1
0.994050666,1
0.989171978,1
0.983200777,1
0.987054193,1
0.992100672,1
0.988810488,1
0.627926387,1
0.973650976,1
0.941802716,1
0.877324589,1
0.992239058,1
0.971084332,1
0.996306423,1
0.986458619,1
0.996441408,1
0.964437123,1
0.996972605,1
0.994297111,1
0.997858799,1
0.919578254,1
0.546166911,1
0.975674387,1
0.973070872,1
0.958640687,1
0.989917493,1
0.969626033,1
0.026842415,1
0.767349223,1
0.989048839,1
0.743555381,1
0.797070634,1
0.566393946,1
0.992805235,1
0.994581521,1
0.85733614,1
0.948295522,1
0.934918936,1
0.956022863,1
0.997561797,1
0.906927415,1
0.891253424,1
0.965491172,1
0.655508824,1
0.964930141,1
0.929608198,1
0.984238811,1
0.96123594,1
0.971593352,1
0.853241503,1
0.995950909,1
0.971762598,1
0.956505815,1
0.994794679,1
0.932716,1
0.836985532,1
0.986889152,1
0.979174769,1
0.988303077,1
0.960878726,1
0.989042433,1
0.982531377,1
0.878694956,1
0.999049842,1
0.988261795,1
0.980334437,1
0.994573613,1
0.987385567,1
0.905250565,1
0.945039392,1
0.994014664,1
0.75512319,1
0.985860626,1
0.979713035,1
0.495600167,1
0.998120848,1
0.985651354,1
0.982229241,1
0.996752004,1
0.990377549,1
0.9904598,1
0.788364104,1
0.954503381,1
0.923752713,1
0.693576306,1
0.922321184,1
0.989354837,1
0.999424052,1
0.989441486,1
0.759043058,1
0.811649315,1
0.986138864,1
0.987663635,1
0.98519177,1
0.982101297,1
0.982476552,1
0.979509954,1
0.982887991,1
0.982308817,1
0.985148239,1
0.980223326,1
0.983259829,1
0.976812279,1
0.989240324,1
0.994920743,1
0.280276359,1
0.989383014,1
0.978698623,1
0.757116954,1
0.4836216,1
0.986130671,1
0.998226746,1
0.922094719,1
0.638774649,1
0.789529594,1
0.921508582,1
0.88639185,1
0.805039517,1
0.783690224,1
0.869516206,1
0.784866772,1
0.347663425,1
0.716514113,1
0.961746546,1
0.993045135,1
0.948929874,1
0.990277457,1
0.999508393,1
0.977941255,1
0.98445106,1
0.959224037,1
0.963983583,1
0.980569375,1
0.947463048,1
0.85448905,1
0.94655482,1
0.93983262,1
0.943360007,1
0.941938496,1
0.939600853,1
0.919891087,1
0.940167809,1
0.95060153,1
0.949822378,1
0.897849313,1
0.886643334,1
0.879748392,1
0.9920434,1
0.96475292,1
0.832116878,1
0.994873973,1
0.968729178,1
0.983966478,1
0.992116737,1
0.834750521,1
0.997696642,1
0.987440034,1
0.984126858,1
0.990076923,1
0.997609313,1
0.993006877,1
0.934593157,1
0.905294871,1
0.998913459,1
0.687521851,1
0.733236851,1
0.961524487,1
0.992244196,1
0.995929889,1
0.895685955,1
0.992177176,1
0.996211406,1
0.996394567,1
0.99707092,1
0.969265433,1
0.996788931,1
0.988797212,1
0.861817324,1
0.974521859,1
0.949890379,1
0.966746231,1
0.962397293,1
0.898885632,1
0.475063305,1
0.028674307,1
0.977734876,1
0.984126139,1
0.832867821,1
0.995073688,1
0.894468482,1
0.988129262,1
0.999018804,1
0.892069018,1
0.99066633,1
0.957534405,1
0.985003054,1
0.638434952,1
0.986520875,1
0.997974761,1
0.996982884,1
0.988966914,1
0.854314137,1
0.997702126,1
0.980478195,1
0.964045163,1
0.994373512,1
0.994143728,1
0.996905812,1
0.996874861,1
0.983776772,1
0.970956516,1
0.987700291,1
0.996613423,1
0.959171677,1
0.960403188,1
0.974991548,1
0.693108308,1
0.952632733,1
0.925323729,1
0.021427771,1
0.99280628,1
0.823816121,1
0.921206351,1
0.406491391,1
0.806309569,1
0.970114263,1
0.864174815,1
0.965896753,1
0.946655099,1
0.935170293,1
0.997527051,1
0.990798819,1
0.895771074,1
0.977793598,1
0.932742389,1
0.933917117,1
0.993790793,1
0.995394985,1
0.993040395,1
0.970756515,1
0.989284364,1
0.993831968,1
0.988276696,1
0.988981187,1
0.995937808,1
0.992750657,1
0.974030523,1
0.993784078,1
0.990249336,1
0.993489965,1
0.995790521,1
0.991131202,1
0.978549472,1
0.44458234,1
0.436627318,1
0.977135491,1
0.935202408,1
0.963466064,1
0.408928632,1
0.965546687,1
0.678643052,1
0.943804797,1
0.96418426,1
0.974511798,1
0.986853866,1
0.989804765,1
0.967916358,1
0.944698767,1
0.992776759,1
0.991393693,1
0.240689697,1
0.996280328,1
0.993225773,1
0.989619561,1
0.988898098,1
0.992678316,1
0.904481351,1
0.954945711,1
0.991634023,1
0.944667935,1
0.703149517,1
0.99158539,1
0.979345103,1
0.458472242,1
0.733075297,1
0.924656312,1
0.925345532,1
0.992057757,1
0.761464544,1
0.91056776,1
0.996083911,1
0.990738841,1
0.979510454,1
0.718864001,1
0.933541346,1
0.51376273,1
0.492311593,1
0.971314836,1
0.979555591,1
0.999664676,1
0.922270759,1
0.997876215,1
0.620026402,1
0.658936407,1
0.667667113,1
0.633092693,1
0.653821886,1
0.916052488,1
0.987514114,1
0.850218952,1
0.988008293,1
0.985870862,1
0.978356238,1
0.968696904,1
0.866297901,1
0.23949518,1
0.734150741,1
0.989679988,1
0.998099856,1
0.99048752,1
0.244037944,1
0.228091604,1
0.959416942,1
0.997940056,1
0.993252333,1
0.971158306,1
0.521170176,1
0.765669789,1
0.507574203,1
0.436543913,1
0.961736639,1
0.935532705,1
0.976437426,1
0.944219454,1
0.934340521,1
0.954802001,1
0.961429389,1
0.965609753,1
0.991917964,1
0.897352294,1
0.992637416,1
0.955323799,1
0.994663815,1
0.898930021,1
0.634500118,1
0.988208568,1
0.97940733,1
0.969277346,1
0.993536981,1
0.947600138,1
0.992973375,1
0.995396558,1
0.992987474,1
0.996991543,1
0.985138051,1
0.99563274,1
0.990336382,1
0.992058257,1
0.994973377,1
0.935270965,1
0.969497347,1
0.988093925,1
0.987214537,1
0.993772459,1
0.988678714,1
0.994708379,1
0.989478079,1
0.992012147,1
0.973975126,1
0.522394796,1
0.995758804,1
0.976356463,1
0.985549819,1
0.960588237,1
0.967211274,1
0.99861273,1
0.997929823,1
0.848016481,1
0.989231408,1
0.99311322,1
0.696227932,1
0.990045301,1
0.994198771,1
0.744797321,1
0.737270045,1
0.734162927,1
0.997268049,1
0.995949205,1
0.951821411,1
0.892506023,1
0.98785156,1
0.997137101,1
0.998360984,1
0.994993762,1
0.702194842,1
0.906319706,1
0.054409863,1
0.964448146,1
0.875267971,1
0.350964382,1
0.998071746,1
0.865970925,1
0.837481395,1
0.870654555,1
0.84419934,1
0.982739353,1
0.90454704,1
0.998077893,1
0.997768664,1
0.889480646,1
0.998060668,1
0.975593464,1
0.867389278,1
0.954907624,1
0.9075134,1
0.969833918,1
0.974843089,1
0.956399961,1
0.948709035,1
0.987147423,1
0.303879703,1
0.457507396,1
0.877904983,1
0.923165087,1
0.91191653,1
0.990036043,1
0.971732251,1
0.957985814,1
0.292326901,1
0.71747398,1
0.621942129,1
0.971859252,1
0.989060271,1
0.985674846,1
0.901233192,1
0.929089355,1
0.961258407,1
0.996243453,1
0.98454475,1
0.811270328,1
0.986276607,1
0.972278488,1
0.999247074,1
0.935879111,1
0.995276904,1
0.990586996,1
0.623593986,1
0.984425525,1
0.998436069,1
0.983008496,1
0.92965109,1
0.966918031,1
0.990057369,1
0.991488918,1
0.870899467,1
0.963003838,1
0.859664818,1
0.963787421,1
0.999736683,1
0.164802539,1
0.990676816,1
0.971509218,1
0.987356285,1
0.994997295,1
0.754246402,1
0.996539446,1
0.633558806,1
0.99987975,1
0.99818176,1
0.989361016,1
0.890510571,1
0.495742571,1
0.988892949,1
0.820805617,1
0.99410998,1
0.974795791,1
0.472894176,1
0.966206793,1
0.708867961,1
0.99184889,1
0.955470995,1
0.990350393,1
0.989573983,1
0.997896047,1
0.993051616,1
0.926988145,1
0.992926741,1
0.992065692,1
0.95463951,1
0.976791398,1
0.994510941,1
0.614778986,1
0.998826651,1
0.989181105,1
0.994670165,1
0.983519689,1
0.824483903,1
0.988300498,1
0.916945807,1
0.997284627,1
0.965928606,1
0.772360134,1
0.993824315,1
0.972733716,1
0.666984302,1
0.940792922,1
0.983604312,1
0.978431483,1
0.991832252,1
0.816468674,1
0.860635483,1
0.62176433,1
0.99907076,1
0.964698339,1
0.976825424,1
0.995789218,1
0.9415965,1
0.9230895,1
0.946779021,1
0.965481178,1
0.963090765,1
0.995163627,1
0.991380139,1
0.995572678,1
0.989008566,1
0.999869974,1
0.991337621,1
0.99090325,1
0.969380951,1
0.399239354,1
0.736114033,1
0.873081839,1
0.894525294,1
0.966706387,1
0.968815537,1
0.999336235,1
0.552362937,1
0.991016563,1
0.131972059,1
0.812826244,1
0.839816415,1
0.580387537,1
0.673486365,1
0.995955622,1
0.994795104,1
0.718887136,1
0.268785583,1
0.96636736,1
0.994642135,1
0.760404692,1
0.566257928,1
0.814349874,1
0.932715273,1
0.998677385,1
0.98569386,1
0.991737135,1
0.943755309,1
0.970796776,1
0.995676581,1
0.774871673,1
0.05472284,1
0.460425637,1
0.998618944,1
0.559033926,1
0.98089004,1
0.997865562,1
0.921926645,1
0.904360024,1
0.594742964,1
0.992158858,1
0.932809206,1
0.782721178,1
0.384341127,1
0.979953845,1
0.859501978,1
0.961128124,1
0.979215252,1
0.977629236,1
0.929553958,1
0.258730837,1
0.802325877,1
0.90146815,1
0.984314334,1
0.222419531,1
0.973950986,1
0.919417469,1
0.997738234,1
0.743475356,1
0.962189205,1
0.995083054,1
0.773390933,1
0.934538257,1
0.898503268,1
0.977748744,1
0.92575146,1
0.983893899,1
0.993695041,1
0.95536745,1
0.998897103,1
0.973006308,1
0.431741117,1
0.993277109,1
0.926913218,1
0.741071379,1
0.601176194,1
0.971552289,1
0.985145938,1
0.99796505,1
0.996368921,1
0.904784318,1
0.950360866,1
0.957101079,1
0.929515386,1
0.868318852,1
0.526765899,1
0.047612579,1
0.965316411,1
0.987780623,1
0.8922327,1
0.386219976,1
0.953922808,1
0.966245294,1
0.991989477,1
0.927948864,1
0.975255128,1
0.997057712,1
0.997743829,1
0.515596126,1
0.829466518,1
0.819596128,1
0.991616348,1
0.889668997,1
0.970656963,1
0.420989919,1
0.993533337,1
0.662719373,1
0.68140499,1
0.969358381,1
0.966978943,1
0.974884582,1
0.991548924,1
0.962454681,1
0.96211317,1
0.904664866,1
0.864715358,1
0.904377019,1
0.762032898,1
0.991463061,1
0.87165159,1
0.950747029,1
0.138951003,1
0.914781487,1
0.925902573,1
0.975729044,1
0.948146959,1
0.898862271,1
0.746467376,1
0.945515863,1
0.45215622,1
0.569360193,1
0.072870992,1
0.997893194,1
0.961701222,1
0.994698429,1
0.836542114,1
0.881664133,1
0.845984487,1
0.993151704,1
0.989450439,1
0.965230795,1
0.906455231,1
0.991549297,1
0.926225559,1
0.754860763,1
0.995858526,1
0.944631839,1
0.84652671,1
0.86817923,1
0.63248594,1
0.474074075,1
0.94650598,1
0.989281984,1
0.990401196,1
0.986720928,1
0.981426334,1
0.994778522,1
0.267848232,1
0.982091769,1
0.97519478,1
0.558205885,1
0.985210824,1
0.997690733,1
0.999793601,1
0.999571304,1
0.95976487,1
0.790295855,1
0.967227904,1
0.799164693,1
0.725884742,1
0.906904709,1
0.968600452,1
0.976494062,1
0.626312242,1
0.96843824,1
0.885110601,1
0.931602077,1
0.686493762,1
0.853865115,1
0.412208702,1
0.991393789,1
0.694166291,1
0.97928733,1
0.999446646,1
0.981695251,1
0.874704476,1
0.511303848,1
0.952951304,1
0.702292518,1
0.841059164,1
0.867640901,1
0.990962307,1
0.96986287,1
0.976874797,1
0.976989106,1
0.942452045,1
0.949623696,1
0.993547793,1
0.950764533,1
0.98668164,1
0.990463448,1
0.967671863,1
0.652429974,1
0.995497692,1
0.996341232,1
0.544065208,1
0.671305462,1
0.937303321,1
0.98542672,1
0.476026444,1
0.984714095,1
0.939015003,1
0.995156988,1
0.995210489,1
0.968503102,1
0.909379252,1
0.837719409,1
0.962512879,1
0.892916187,1
0.98232617,1
0.946701876,1
0.974574788,1
0.980849202,1
0.999981213,1
0.97766399,1
0.993946886,1
0.66849818,1
0.99816198,1
0.989110315,1
0.601776127,1
0.467646616,1
0.943223198,1
0.995187247,1
0.96979533,1
0.947823489,1
0.553965464,1
0.978563539,1
0.95988642,1
0.990673745,1
0.261841004,1
0.477023207,1
0.634204002,1
0.995710993,1
0.142083905,1
0.363362157,1
0.788085584,1
0.993909228,1
0.986060691,1
0.969747992,1
0.017359381,1
0.89803973,1
0.360810632,1
0.998919253,1
0.775784785,1
0.989408425,1
0.815796793,1
0.961528357,1
0.900574466,1
0.840139556,1
0.967420721,1
0.822880379,1
0.929248722,1
0.970192722,1
0.84890186,1
0.569545784,1
0.961853389,1
0.066904465,1
0.33245703,1
0.977762254,1
0.982769819,1
0.991491234,1
0.991903484,1
0.862914268,1
0.988655551,1
0.9909012,1
0.003231401,0
0.541964245,0
0.009454652,0
0.696423558,0
0.002200103,0
0.781997635,0
0.005457681,0
0.08057004,0
4.98E-05,0
0.010229291,0
0.779575169,0
0.767409366,0
0.959470709,0
0.172932955,0
0.533802443,0
0.473234507,0
0.133506643,0
0.001532114,0
0.029078027,0
0.717403607,0
0.047479372,0
0.749349487,0
0.069552013,0
0.716727815,0
0.024172216,0
0.864558796,0
0.633166171,0
0.73237896,0
0.486773185,0
0.711753203,0
0.984625832,0
0.518720652,0
0.991502114,0
0.906828527,0
0.938472287,0
0.973056046,0
0.965982362,0
0.849996392,0
0.822200906,0
0.930904837,0
0.991810548,0
0.968108257,0
0.222594038,0
0.431334976,0
0.186410077,0
0.286233914,0
0.94106373,0
0.940503414,0
0.478605925,0
0.37756884,0
0.146523208,0
0.90382967,0
0.375308068,0
0.745254513,0
0.863799938,0
0.333817323,0
0.146766343,0
0.678552836,0
0.814245371,0
0.379466715,0
0.031239351,0
0.038404558,0
0.078284135,0
0.005454058,0
0.035727326,0
0.087838569,0
0.158474211,0
0.646218616,0
0.796374452,0
0.142691594,0
0.944113016,0
0.213823503,0
0.025383006,0
0.088558653,0
0.977612074,0
0.547324293,0
0.950557319,0
0.849188304,0
0.959692792,0
0.99297568,0
0.933767172,0
0.899762344,0
0.895904744,0
0.933678742,0
0.163285953,0
0.087640351,0
0.063579604,0
0.568077223,0
0.040193687,0
0.011346329,0
0.698784397,0
0.20703718,0
0.544764602,0
0.580449126,0
0.086370147,0
0.5278457,0
0.108048491,0
0.361726534,0
0.138254123,0
0.706416152,0
0.780723278,0
0.01046745,0
0.460789883,0
0.095061028,0
0.614743276,0
0.306291223,0
0.263760947,0
0.00870367,0
0.01609224,0
0.001677407,0
0.02038934,0
0.000553025,0
0.012089762,0
0.003352506,0
0.216531948,0
0.920806841,0
0.023343785,0
0.587949006,0
0.241555587,0
0.07551607,0
0.843969758,0
0.996100465,0
0.033731408,0
0.009983887,0
0.015884087,0
0.481317822,0
0.997909896,0
0.086712134,0
0.057911989,0
0.243956078,0
0.021699348,0
0.119816026,0
0.010585464,0
0.150653242,0
0.74041537,0
0.832718603,0
0.082237357,0
0.896728615,0
0.856908294,0
0.926762946,0
0.110927897,0
0.065838385,0
0.286485364,0
0.759485968,0
0.224081515,0
0.234655348,0
0.32425577,0
0.183338557,0
0.399504065,0
0.823593318,0
0.350186286,0
0.118336299,0
0.092018847,0
0.021151419,0
0.020342009,0
0.009312244,0
0.957298573,0
0.917848094,0
0.227093388,0
0.300594614,0
0.998872801,0
0.99970934,0
0.998280899,0
0.999313434,0
0.997688735,0
0.998987095,0
0.000160218,0
0.926835938,0
0.825570854,0
0.011499337,0
0.059083745,0
0.251437083,0
0.988322147,0
0.946851226,0
0.992857329,0
0.981262426,0
0.997765887,0
0.999512255,0
0.988790834,0
0.993876759,0
0.997947347,0
0.986281192,0
0.982514282,0
0.93382444,0
0.779640905,0
0.578388876,0
0.955451576,0
0.958584734,0
0.85101821,0
0.994930005,0
0.996814601,0
0.966035827,0
0.988846799,0
0.46580164,0
0.021171115,0
0.194352155,0
0.511143738,0
0.330495708,0
0.145582184,0
0.207732101,0
0.837750139,0
0.930154928,0
0.990586158,0
0.007974902,0
0.14256867,0
0.090993216,0
0.486886682,0
0.138044931,0
0.184603038,0
0.729799465,0
0.830708744,0
0.953620966,0
0.566285058,0
0.987710909,0
0.861657882,0
0.02972488,0
0.14361152,0
0.088608095,0
0.054762633,0
0.04440403,0
0.931299766,0
0.009400277,0
0.772145391,0
0.184506857,0
0.122835791,0
0.760388583,0
0.042328586,0
0.779728832,0
0.72891567,0
0.294439736,0
0.820873582,0
0.908520381,0
0.0431848,0
0.718308111,0
0.677554834,0
0.391826211,0
0.508119063,0
0.95153869,0
0.788088143,0
0.776455279,0
0.077006876,0
0.028759265,0
0.632774913,0
0.639703345,0
0.006569587,0
0.541473243,0
0.292945618,0
0.063228174,0
0.998553336,0
0.977671826,0
0.050613005,0
0.179018804,0
0.068942136,0
0.048601212,0
0.038889266,0
0.81058861,0
0.620612778,0
0.17812562,0
0.210596798,0
0.919848454,0
0.762928311,0
0.890525969,0
0.576396802,0
0.033462131,0
0.966029465,0
0.834979951,0
0.987961793,0
0.071066878,0
0.661697666,0
0.004570869,0
0.021903677,0
0.034342672,0
0.042763488,0
0.022152609,0
0.922710303,0
0.093770286,0
0.910459284,0
0.629129793,0
0.08710721,0
0.243145378,0
0.607441345,0
0.389713843,0
0.175554842,0
0.368884023,0
0.169172957,0
0.049097746,0
0.344820124,0
0.108622865,0
0.000934389,0
0.010214921,0
0.068167919,0
0.004176662,0
0.001337726,0
0.862934999,0
0.018695393,0
0.76116548,0
0.025694132,0
0.506530777,0
0.594408262,0
0.986415978,0
0.994401141,0
0.999142206,0
0.999834271,0
0.99099865,0
0.997203501,0
0.495265715,0
0.0942522,0
0.463144546,0
0.580126015,0
0.865942868,0
0.134750991,0
0.979913449,0
0.967240655,0
0.951528422,0
0.041154141,0
0.53366139,0
0.956103333,0
0.270383677,0
0.477975724,0
0.417024966,0
0.345420751,0
0.125379822,0
0.674835642,0
0.713831955,0
0.082183563,0
0.990971915,0
5.96E-07,0
0.779579759,0
0.329355211,0
0.273491038,0
0.059741077,0
0.807412112,0
0.289513498,0
0.061146869,0
0.529328241,0
0.45756684,0
0.311166424,0
0.043674826,0
0.731154396,0
0.006175313,0
0.032901562,0
0.071849038,0
0.999071423,0
0.998574142,0
0.998868918,0
0.578019158,0
0.791509205,0
0.001233902,0
0.007404833,0
0.006095594,0
0.015544755,0
0.003796462,0
0.001167246,0
0.000899229,0
0.035728373,0
0.019340309,0
0.030174154,0
0.004579751,0
0.230713807,0
0.997660247,0
0.929227885,0
0.958578058,0
0.999631119,0
0.988002447,0
0.999325784,0
0.9995345,0
0.171789862,0
0.0098997,0
0.019739761,0
0.996888967,0
0.017590492,0
0.017526648,0
0.017684253,0
0.018635562,0
0.091883272,0
0.992930547,0
0.999324663,0
0.0063039,0
0.10132573,0
0.011082697,0
0.05506748,0
0.031573346,0
0.020958789,0
0.83349057,0
0.521428927,0
0.197162473,0
0.069459265,0
0.285679351,0
0.628354541,0
0.720282781,0
0.370258816,0
0.783042006,0
0.987984121,0
0.922066474,0
0.988764981,0
0.991823606,0
0.917378672,0
0.822009496,0
0.293413157,0
0.034232252,0
0.036394888,0
0.025443769,0
0.434829294,0
0.495536931,0
0.270685354,0
0.001645305,0
0.000871727,0
0.002275973,0
0.001528454,0
0.844374231,0
0.767443001,0
0.912848651,0
0.66185016,0
0.835535316,0
0.400148054,0
0.059692422,0
0.806035264,0
0.98372608,0
0.979805315,0
0.956987488,0
0.440023359,0
0.462179472,0
0.205882693,0
0.946178718,0
0.00779345,0
0.05970472,0
0.232967599,0
0.003907972,0
0.915871779,0
0.990001841,0
0.814958537,0
0.583987579,0
0.886559522,0
0.352830147,0
0.954974794,0
0.88953687,0
0.203955715,0
0.096107995,0
0.253448078,0
0.854202231,0
0.577203755,0
0.090945866,0
0.060841774,0
0.082317428,0
0.031537106,0
0.993471944,0
0.953827862,0
0.995625623,0
0.986645667,0
0.959410989,0
0.998095417,0
0.979875052,0
0.810910332,0
0.998670773,0
0.992463672,0
0.997319587,0
0.000575369,0
0.877461692,0
0.989199181,0
0.996503365,0
0.982490277,0
0.993954829,0
0.990298386,0
0.999103804,0
0.996343847,0
0.207457004,0
0.948265596,0
0.003348906,0
0.004400796,0
0.020666979,0
0.98768789,0
0.940233163,0
0.739716204,0
0.812620453,0
0.998335962,0
0.950386393,0
0.997085961,0
0.908155036,0
0.948975511,0
0.992314951,0
0.970638156,0
0.995581079,0
0.892618477,0
0.991303976,0
0.990373091,0
0.999296971,0
0.949756666,0
0.998692969,0
0.996022677,0
0.754412977,0
0.989607259,0
0.796619789,0
0.826136867,0
0.119639232,0
0.053058082,0
0.88736163,0
0.896419203,0
0.9818048,0
0.995902932,0
0.028689948,0
0.99256043,0
0.937284946,0
0.982179964,0
0.392477706,0
0.156283336,0
0.99899859,0
0.997696773,0
0.010338599,0
0.775002754,0
0.997784269,0
0.955665549,0
0.034794615,0
0.088554995,0
0.594873541,0
0.274018144,0
0.198430204,0
0.120091473,0
0.78177038,0
0.001554856,0
0.005039236,0
0.003018863,0
0.002736663,0
0.010713166,0
0.998800639,0
0.033806238,0
0.041745387,0
0.027150737,0
0.028156755,0
0.112981215,0
0.067668578,0
0.979019976,0
0.983327262,0
0.863963711,0
0.994824771,0
0.891767943,0
0.995596679,0
0.986603367,0
0.99860098,0
0.939268859,0
0.994262731,0
0.998344779,0
0.996747255,0
0.99746836,0
0.967810543,0
0.9615997,0
0.995141939,0
0.998736191,0
0.990931026,0
0.999644295,0
0.952788639,0
0.875563912,0
0.991240331,0
0.967572641,0
0.979052917,0
0.953504694,0
0.99586225,0
0.989326747,0
0.923214352,0
0.888681857,0
0.989226019,0
0.254340359,0
0.994731108,0
0.011580457,0
0.923103162,0
0.888793274,0
0.70421049,0
0.703993833,0
0.00019334,0
0.98816071,0
0.858314768,0
0.993536095,0
0.991423527,0
0.998109464,0
0.9982463,0
0.998710676,0
0.990596588,0
0.97147638,0
0.981646836,0
0.997550074,0
0.953155645,0
0.972812438,0
0.998553344,0
0.979284565,0
0.997575978,0
0.968186204,0
0.095113786,0
0.829548271,0
0.949925232,0
0.230818964,0
0.74128045,0
0.012360061,0
0.683421167,0
0.954023651,0
0.876862335,0
0.110619602,0
0.77910045,0
0.851488443,0
0.22443232,0
0.251067497,0
0.566087766,0
0.367273637,0
0.154888523,0
0.249586148,0
0.516048209,0
0.091929871,0
0.052506482,0
0.022341447,0
0.021624722,0
0.727989706,0
0.644303234,0
0.392957178,0
0.99744223,0
0.116613954,0
0.096121407,0
0.046019034,0
0.859639812,0
0.61521611,0
0.964620602,0
0.272994325,0
0.280883745,0
0.141016638,0
0.786302813,0
0.019980331,0
0.044157161,0
0.015280163,0
0.053844979,0
0.046956266,0
0.900278978,0
0.846559584,0
0.006873022,0
0.008551053,0
0.001768565,0
0.001637989,0
0.012923238,0
0.964619601,0
0.963029635,0
0.915776368,0
0.985322571,0
0.002885679,0
0.003145481,0
0.957374533,0
0.004812547,0
0.535788437,0
0.00142065,0
0.213155063,0
0.866097899,0
0.017525054,0
0.523270291,0
0.000895134,0
0.015836374,0
0.002998322,0
0.004242085,0
0.003047289,0
0.239199665,0
0.004801827,0
0.057522569,0
5.80E-07,0
3.39E-05,0
0.749845161,0
4.97E-05,0
0.076405937,0
0.740887181,0
0.954475113,0
0.006024491,0
0.070520376,0
0.798689055,0
0.880727967,0
0.047687268,0
0.084530445,0
0.018278138,0
0.162306776,0
0.11233682,0
0.034076436,0
0.18894481,0
0.976338001,0
0.976357059,0
0.76246531,0
0.969831892,0
0.923484055,0
0.033551939,0
0.996209204,0
0.56592223,0
0.98606836,0
0.167465569,0
0.935207915,0
0.998399917,0
0.005780922,0
0.993321204,0
0.017425031,0
0.997371999,0
0.991743267,0
0.995960001,0
0.998712341,0
0.99449935,0
0.999005707,0
0.603327739,0
0.882707842,0
0.834947574,0
0.121627142,0
0.228284851,0
0.188467304,0
0.864537529,0
0.918426065,0
0.713764656,0
0.569623802,0
0.826227272,0
0.110325527,0
0.918127358,0
0.937082636,0
0.972766527,0
0.957258344,0
0.921858537,0
0.779601924,0
0.001295184,0
0.019060496,0
0.962702966,0
0.954290477,0
0.634728009,0
0.528304213,0
0.445733352,0
0.355157611,0
0.99521387,0
0.868833057,0
0.299922371,0
0.23715065,0
0.001803047,0
0.008577069,0
0.019427713,0
0.016141882,0
0.140052662,0
0.009455249,0
0.196082769,0
0.367102968,0
0.678436138,0
0.170247457,0
0.379287819,0
0.17493937,0
0.021669392,0
0.029990321,0
0.272417967,0
0.872435466,0
0.117641079,0
0.964008534,0
0.006559897,0
0.934639998,0
0.760827788,0
0.549432852,0
0.03861033,0
0.025376362,0
0.563467255,0
0.023483814,0
0.165419809,0
0.517153088,0
0.200919311,0
0.171726481,0
0.689821041,0
0.109880074,0
0.210526115,0
0.791733813,0
0.929729982,0
0.909859359,0
0.862739452,0
0.786910582,0
0.708522298,0
0.793481805,0
0.738260486,0
0.799160679,0
0.86306382,0
0.495784561,0
0.388255939,0
0.201592476,0
0.571116862,0
0.437675901,0
0.053491241,0
0.00351648,0
0.806406526,0
0.639188856,0
0.711224959,0
0.903075806,0
0.649336708,0
0.183507363,0
0.528540583,0
0.000252765,0
0.220931843,0
0.53211263,0
0.707572758,0
0.345101699,0
0.671878145,0
0.684666447,0
0.97327625,0
0.149250969,0
0.970324485,0
0.498468704,0
0.966699374,0
0.802554965,0
0.789589846,0
0.820527446,0
0.265413998,0
0.6883638,0
0.900882947,0
0.970668495,0
0.022567753,0
0.005955616,0
0.004295399,0
0.24014124,0
0.030263133,0
0.049517695,0
0.097409699,0
0.026422715,0
0.072076879,0
0.00096288,0
0.000206792,0
0.000392602,0
6.89E-05,0
0.000598017,0
0.483712763,0
0.278125458,0
0.072954542,0
0.031529158,0
0.041527175,0
0.201266278,0
0.009976466,0
0.04636592,0
0.244376607,0
0.995039336,0
0.614872338,0
0.004771897,0
0.008989908,0
0.003386145,0
0.002343874,0
0.053805114,0
0.001253793,0
0.000311819,0
0.000415829,0
0.875340529,0
0.000849719,0
0.000955563,0
0.886067911,0
0.510827555,0
0.90882895,0
0.965732459,0
0.980692716,0
0.873367937,0
0.158454934,0
0.215614556,0
0.48512401,0
0.964461966,0
0.956050861,0
0.962198512,0
0.92663761,0
0.835033139,0
0.189783778,0
0.136862847,0
0.041124309,0
0.577112254,0
0.011112404,0
0.015375807,0
0.092269405,0
0.819202256,0
0.020291407,0
0.017625218,0
0.438546727,0
0.171449662,0
0.086101129,0
0.533937526,0
0.099269519,0
0.05123576,0
0.04173622,0
0.778871667,0
0.114889201,0
0.978463093,0
0.94373335,0
0.886079713,0
0.837478379,0
0.315145829,0
0.008881403,0
0.019668729,0
0.052676951,0
0.208845529,0
0.088276998,0
0.497558133,0
0.280447816,0
0.026508767,0
0.530919049,0
0.590277972,0
0.040887215,0
0.883673577,0
0.949999678,0
0.876138922,0
0.612355942,0
0.185071024,0
0.795179236,0
0.923708157,0
0.762157708,0
0.014890941,0
0.988390382,0
0.004376486,0
0.947855878,0
0.513494688,0
0.986786167,0
0.932809563,0
0.979812761,0
0.738243177,0
0.791858478,0
0.726858864,0
0.843735524,0
0.271831851,0
0.826762911,0
0.336725196,0
0.524659619,0
0.218547504,0
0.173987234,0
0.804976553,0
0.164430609,0
0.915593755,0
0.899819009,0
0.962832979,0
0.571475254,0
0.090360871,0
0.055976462,0
0.027026653,0
0.47996208,0
0.846950044,0
0.520028181,0
0.499376816,0
0.994232603,0
0.856231256,0
0.70911305,0
0.941855454,0
0.736801533,0
0.858219512,0
0.93785704,0
0.940395375,0
0.882496281,0
0.958143723,0
0.473479293,0
0.840950213,0
0.740810327,0
0.283517723,0
0.751069915,0
0.914850307,0
0.97151324,0
0.908162769,0
0.606270496,0
0.906621178,0
0.980186268,0
0.629582418,0
0.00189073,0
0.002201467,0
0.033993391,0
0.392100964,0
0.984469501,0
0.986857112,0
0.060887188,0
0.224715698,0
0.489556176,0
0.760045276,0
0.534532166,0
0.216725498,0
0.126984051,0
0.025395392,0
0.333248754,0
0.840888496,0
0.245609367,0
0.705902666,0
0.599637012,0
0.47847808,0
0.07446021,0
0.657343827,0
0.558444377,0
0.377202789,0
0.495547915,0
0.872807352,0
0.9673563,0
0.328106335,0
0.822537212,0
0.167825412,0
0.819532188,0
0.363879224,0
0.026572404,0
0.006973074,0
0.010813889,0
0.019756419,0
0.00933851,0
0.008782513,0
0.007757749,0
0.014585033,0
0.98273017,0
0.49888037,0
0.598373452,0
0.755901655,0
0.35051607,0
0.908735156,0
0.642599416,0
0.044085887,0
0.162744675,0
0.844884735,0
0.998882484,0
0.986356203,0
0.936927307,0
0.987213476,0
0.103584437,0
0.51628962,0
0.246574524,0
0.191248317,0
0.041882557,0
0.718378623,0
0.965302173,0
0.460477851,0
0.530163765,0
0.887667406,0
0.936912517,0
0.941633328,0
0.985169391,0
0.956431758,0
0.749264137,0
0.222910454,0
0.179305414,0
0.108531459,0
0.001780639,0
0.007572147,0
0.043077041,0
0.01696275,0
0.015212719,0
0.070625643,0
0.149871547,0
0.329129018,0
0.392344645,0
0.723427951,0
0.894141579,0
0.738462824,0
0.715510867,0
0.27442447,0
0.438782717,0
0.920124439,0
0.392631423,0
0.438999366,0
0.26663526,0
0.959529308,0
0.094051509,0
0.07751803,0
0.826468078,0
0.209332623,0
0.775958347,0
0.426608709,0
0.520496507,0
0.920793414,0
0.98361001,0
0.689732951,0
0.622394437,0
0.771478001,0
0.767842394,0
0.321809657,0
0.079507844,0
0.946949188,0
0.079825892,0
0.363824017,0
0.509315944,0
0.339131902,0
0.337305783,0
0.263196587,0
0.501820738,0
0.329813866,0
0.666361874,0
0.703745502,0
0.637867382,0
0.400114705,0
0.627122431,0
0.029584713,0
0.0472889,0
0.953547641,0
0.79446214,0
0.921090802,0
0.768507997,0
0.810340516,0
0.968827959,0
0.555013971,0
0.745169051,0
0.978221007,0
0.987166238,0
0.990220451,0
0.9449856,0
0.206251156,0
0.685445925,0
0.924763131,0
0.991270145,0
0.192098412,0
0.820606271,0
0.108859451,0
0.04466236,0
0.025160781,0
0.730501362,0
0.953909985,0
0.077457984,0
0.132008089,0
0.994415871,0
0.747437702,0
0.751190186,0
0.991510097,0
0.903309556,0
0.660721654,0
0.878103507,0
0.345113321,0
0.550557968,0
0.13216672,0
0.9859653,0
0.985093149,0
0.81230282,0
0.979002567,0
0.966436938,0
0.22079022,0
0.002884986,0
0.007388525,0
0.993528688,0
0.039405118,0
0.291300589,0
0.992907683,0
0.042543719,0
0.364200307,0
0.989035352,0
0.124353664,0
0.023964396,0
0.0222256,0
0.105768121,0
0.27347309,0
0.279983651,0
0.248112974,0
0.645507912,0
0.669890153,0
0.028477454,0
0.263432584,0
0.898545365,0
0.014789647,0
0.016908359,0
0.020728274,0
0.033963104,0
0.0458059,0
0.046285441,0
0.01035191,0
0.543550404,0
0.046290419,0
0.047768088,0
0.247609818,0
0.033717319,0
0.008775594,0
0.085943489,0
0.016642764,0
0.073091108,0
0.019376579,0
0.008018458,0
0.010786341,0
0.005790302,0
0.016237632,0
0.151348549,0
0.027723546,0
0.126281881,0
0.062269331,0
0.01378993,0
0.026002562,0
0.057368171,0
0.012749978,0
0.010955796,0
0.039791606,0
0.647685846,0
0.058247661,0
0.267714926,0
0.301386937,0
0.057433511,0
0.035832811,0
0.076362722,0
0.977398705,0
0.006752351,0
0.01218169,0
0.015099192,0
0.012384059,0
0.020091011,0
0.021688755,0
0.254034929,0
0.576116065,0
0.15278255,0
0.102054353,0
0.073140905,0
0.073110227,0
0.040060963,0
0.07793537,0
0.002230922,0
0.002559783,0
0.014533619,0
0.035217736,0
0.020628231,0
0.019950502,0
0.094968364,0
0.647813112,0
0.085156755,0
0.989868979,0
0.982860259,0
0.001156891,0
0.39550624,0
